{"cameraMode":{"drawMode":0,"name":"Shaded","section":"Shading Mode"},"sceneLighting":true,"audioPlay":false,"sceneViewState":{"m_AlwaysRefresh":false,"showFog":true,"showSkybox":true,"showFlares":true,"showImageEffects":true,"showParticleSystems":true,"showVisualEffectGraphs":true,"m_FxEnabled":true},"in2DMode":false,"pivot":{"x":23.831619262695314,"y":6.8792724609375,"z":1.1829180717468262},"rotation":{"x":-0.059118740260601047,"y":0.45064499974250796,"z":-0.029925093054771425,"w":-0.8902473449707031},"size":8.696913719177246,"orthographic":false}